{"IchSchlange":{"1":{"x":201.00098535875765,"y":64.0,"z":-277.81082822680116,"world":"world"},"ender":{"x":1515.992964579948,"y":15.0,"z":-306.3499566902302,"world":"world"},"endfarm":{"x":57.063720776582066,"y":3.0,"z":229.3833782046928,"world":"world_the_end"},"endup":{"x":54.39213298374896,"y":45.0,"z":229.46480110066258,"world":"world_the_end"},"43343":{"x":70.72883736990023,"y":120.0,"z":-1201.4915187472186,"world":"world"},"fuuuuck":{"x":60.03793306863598,"y":53.0,"z":234.2623196225856,"world":"world_the_end"},"almazi":{"x":371.0759913581909,"y":-40.0,"z":179.88477846620583,"world":"world"},"lava":{"x":-368.38815849964465,"y":58.0,"z":-78.86559093955177,"world":"world_nether"}},"brago":{"brago":{"x":194.41349320485858,"y":64.0,"z":-273.2387771730745,"world":"world"},"портал":{"x":1498.0455376137106,"y":23.0,"z":-278.7307072363646,"world":"world"},"эндермены":{"x":60.415521649842326,"y":3.0,"z":229.15990617511727,"world":"world_the_end"}},"spoofi4h":{"2":{"x":1511.4726721024128,"y":10.0,"z":-319.2069943114731,"world":"world"},"1":{"x":193.31223985344764,"y":68.0,"z":-269.10897033380263,"world":"world"},"4":{"x":56.98750001192093,"y":3.0,"z":230.34391643955206,"world":"world_the_end"},"5":{"x":107.25311789413462,"y":63.0,"z":1274.5838771504402,"world":"world"},"10":{"x":245.12890233282724,"y":-17.0,"z":-503.8967665835515,"world":"world"}},"ping.net":{"1":{"x":190.1276995084967,"y":64.0,"z":-269.5063208254991,"world":"world"},"filage":{"x":1415.700916783281,"y":63.0,"z":-228.496123210285,"world":"world"},"fillage2":{"x":904.6429274385071,"y":62.9375,"z":-309.5990622933687,"world":"world"},"portal":{"x":1520.157951901306,"y":17.0,"z":-299.1798614225004,"world":"world"},"fillage3":{"x":2235.8492245160633,"y":64.0,"z":1485.2806082795182,"world":"world"},"dever":{"x":67.31000991015145,"y":120.0,"z":-1203.0773857985969,"world":"world"},"Farmilka":{"x":59.35990260293526,"y":3.0,"z":229.20119238855304,"world":"world_the_end"},"netherd":{"x":1964.1961317848798,"y":62.0,"z":3612.90994623348,"world":"world_the_end"},"phome":{"x":530.9614821947214,"y":64.0,"z":37.80192887757616,"world":"world"}},"Dever":{"1":{"x":73.71995607975347,"y":128.0,"z":-1248.3421997144223,"world":"world"},"2":{"x":57.422980596062146,"y":3.0,"z":229.6712924791943,"world":"world_the_end"}}}